ours	/mnt/home3/yhgil99/unlearning/CAS_SpatialCFG/launch_0426_full_sweep/paper_results/reproduce/sd14_q16_repro_ours_baselines_20260430/configs/ours/i2p_q16_tune_tau/sexual/tau05.json	
ours	/mnt/home3/yhgil99/unlearning/CAS_SpatialCFG/launch_0426_full_sweep/paper_results/reproduce/sd14_q16_repro_ours_baselines_20260430/configs/ours/i2p_q16_tune_tau/sexual/tau07.json	
ours	/mnt/home3/yhgil99/unlearning/CAS_SpatialCFG/launch_0426_full_sweep/paper_results/reproduce/sd14_q16_repro_ours_baselines_20260430/configs/ours/i2p_q16_tune_tau/violence/tau05.json	
ours	/mnt/home3/yhgil99/unlearning/CAS_SpatialCFG/launch_0426_full_sweep/paper_results/reproduce/sd14_q16_repro_ours_baselines_20260430/configs/ours/i2p_q16_tune_tau/violence/tau07.json	
ours	/mnt/home3/yhgil99/unlearning/CAS_SpatialCFG/launch_0426_full_sweep/paper_results/reproduce/sd14_q16_repro_ours_baselines_20260430/configs/ours/i2p_q16_tune_tau/self-harm/tau05.json	
ours	/mnt/home3/yhgil99/unlearning/CAS_SpatialCFG/launch_0426_full_sweep/paper_results/reproduce/sd14_q16_repro_ours_baselines_20260430/configs/ours/i2p_q16_tune_tau/self-harm/tau07.json	
ours	/mnt/home3/yhgil99/unlearning/CAS_SpatialCFG/launch_0426_full_sweep/paper_results/reproduce/sd14_q16_repro_ours_baselines_20260430/configs/ours/i2p_q16_tune_tau/shocking/tau05.json	
ours	/mnt/home3/yhgil99/unlearning/CAS_SpatialCFG/launch_0426_full_sweep/paper_results/reproduce/sd14_q16_repro_ours_baselines_20260430/configs/ours/i2p_q16_tune_tau/shocking/tau07.json	
ours	/mnt/home3/yhgil99/unlearning/CAS_SpatialCFG/launch_0426_full_sweep/paper_results/reproduce/sd14_q16_repro_ours_baselines_20260430/configs/ours/i2p_q16_tune_tau/illegal_activity/tau05.json	
ours	/mnt/home3/yhgil99/unlearning/CAS_SpatialCFG/launch_0426_full_sweep/paper_results/reproduce/sd14_q16_repro_ours_baselines_20260430/configs/ours/i2p_q16_tune_tau/illegal_activity/tau07.json	
ours	/mnt/home3/yhgil99/unlearning/CAS_SpatialCFG/launch_0426_full_sweep/paper_results/reproduce/sd14_q16_repro_ours_baselines_20260430/configs/ours/i2p_q16_tune_tau/harassment/tau05.json	
ours	/mnt/home3/yhgil99/unlearning/CAS_SpatialCFG/launch_0426_full_sweep/paper_results/reproduce/sd14_q16_repro_ours_baselines_20260430/configs/ours/i2p_q16_tune_tau/harassment/tau07.json	
ours	/mnt/home3/yhgil99/unlearning/CAS_SpatialCFG/launch_0426_full_sweep/paper_results/reproduce/sd14_q16_repro_ours_baselines_20260430/configs/ours/i2p_q16_tune_tau/hate/tau05.json	
ours	/mnt/home3/yhgil99/unlearning/CAS_SpatialCFG/launch_0426_full_sweep/paper_results/reproduce/sd14_q16_repro_ours_baselines_20260430/configs/ours/i2p_q16_tune_tau/hate/tau07.json	
